name,industry,role,email,photo,company,location
Alex Chen,Education,Consultant,raymondwalker@benson.com,https://randomuser.me/api/portraits/men/10.jpg,"Harris, Lewis and Harris","New Paulfurt, Algeria"
Jeremy Mccarthy,Finance,Engineer,sheltonangela@avila-sanford.net,https://randomuser.me/api/portraits/women/20.jpg,"Pena, Powell and Lozano","Heatherside, Nicaragua"
Melissa Jackson,Retail,Analyst,taylorjames@yahoo.com,https://randomuser.me/api/portraits/men/30.jpg,Wilkinson-Beard,"Knightview, Svalbard & Jan Mayen Islands"
Taylor Johnson,Retail,Manager,zarmstrong@smith.com,https://randomuser.me/api/portraits/women/40.jpg,Brown-Sloan,"Port Kent, Qatar"
Victoria Lowe,Software,Designer,joshua88@gmail.com,https://randomuser.me/api/portraits/men/50.jpg,Fletcher Ltd,"Alexandratown, Dominica"
Thomas Nguyen,Education,Designer,toddwells@gmail.com,https://randomuser.me/api/portraits/women/60.jpg,Smith PLC,"Franklinborough, Bahrain"
Elizabeth Gonzalez,Retail,Designer,danielbrown@guzman.com,https://randomuser.me/api/portraits/men/70.jpg,Hooper-Johnson,"Cuevasfort, Sweden"
Brandon Schmidt,Education,Developer,wchavez@schmidt.com,https://randomuser.me/api/portraits/women/80.jpg,Miller-Hayes,"Simsmouth, Togo"
Paul Estrada,Software,Designer,williamsmegan@holland.com,https://randomuser.me/api/portraits/men/90.jpg,Graham Inc,"Holtmouth, Bahrain"
Tracy Warren,Software,Manager,justinkey@bryant.biz,https://randomuser.me/api/portraits/women/91.jpg,Sullivan-Rubio,"West Rachelshire, Iraq"
Christine Smith,Software,Manager,jose08@yahoo.com,https://randomuser.me/api/portraits/men/92.jpg,Mathews-Martin,"Heatherside, Andorra"
Kelly Perez,Education,Consultant,emma36@macias.com,https://randomuser.me/api/portraits/women/93.jpg,"Bates, Erickson and Reid","West Timothyland, Sao Tome and Principe"
Kenneth Roberts,Retail,Analyst,caldwellmelissa@hotmail.com,https://randomuser.me/api/portraits/men/94.jpg,Ortega-Blanchard,"East Joshua, Lebanon"
Krista Young,Education,Engineer,lewisjames@gmail.com,https://randomuser.me/api/portraits/women/95.jpg,Kaufman-Lopez,"New Jesse, Andorra"
Anthony Gilmore,Education,Engineer,mcurtis@yahoo.com,https://randomuser.me/api/portraits/men/96.jpg,"Hogan, Smith and Pham","Christianside, Bouvet Island (Bouvetoya)"
Troy Morris,Retail,Engineer,gina71@dean.org,https://randomuser.me/api/portraits/women/97.jpg,"Walton, Hicks and Miller","Rhodesmouth, Lao People's Democratic Republic"
Nathan Bradford II,Education,Designer,christinarogers@velazquez-hurst.biz,https://randomuser.me/api/portraits/men/98.jpg,"Cross, Vasquez and Clark","Port Saraberg, Morocco"
John Abbott,Software,Designer,phillipbryant@christensen.com,https://randomuser.me/api/portraits/women/99.jpg,"Rasmussen, Harrell and Bass","Garzaside, Guernsey"
Megan Blevins,Healthcare,Developer,amberwilliams@zuniga.com,https://randomuser.me/api/portraits/men/11.jpg,"Johnson, Winters and Hansen","Port Jeffrey, Uganda"
Erik Russell,Healthcare,Engineer,dominicvelazquez@yahoo.com,https://randomuser.me/api/portraits/women/12.jpg,Smith PLC,"Sabrinaburgh, Belarus"
